Workbook

Sheet mental_health_survey
A1: Respondent_ID | B1: Survey_Date | C1: Age | D1: Gender | E1: Country | F1: Region | G1: Company_Name | H1: Company_Size | I1: Department | J1: Tech_Role | K1: Work_Model | L1: Years_Experience | M1: Weekly_Work_Hours | N1: Stress_Level_1_10 | O1: Burnout_Frequency | P1: Sleep_Hours | Q1: Exercise_Days_Per_Week | R1: Comfort_Discussing_Coworker | S1: Work_Interference | T1: Productivity_Impact | U1: Job_Satisfaction_1_10 | V1: Salary_Range | W1: Stress_Category | X1: Sleep_Category | Y1: Workload_Category
A2: R00001 | B2: 46090 | C2: 33 | D2: Male | E2: United States | F2: North America | G2: CloudNova | H2: 101-500 | I2: Engineering | J2: QA Engineer | K2: Remote | L2: 12 | M2: 44 | N2: 3 | O2: Often | P2: 7.1 | Q2: 1 | R2: 10 | S2: Never | T2: None | U2: 8 | V2: ₹15-25 LPA | W2: =IF(mental_health_tech_survey_raw[[#This Row],[Stress_Level_1_10]]>=7, "High Stress", "Normal Stress") -> Normal Stress | X2: =IF(mental_health_tech_survey_raw[[#This Row],[Sleep_Hours]]<6,"Low Sleep", "Healthy Sleep") -> Healthy Sleep | Y2: =IF(mental_health_tech_survey_raw[[#This Row],[Weekly_Work_Hours]]>50, "Overwroked", "Normal Workload") -> Normal Workload
A3: R00002 | B3: 45981 | C3: 25 | D3: Female | E3: Australia | F3: Oceania | G3: CodeCraft | H3: 101-500 | I3: Product | J3: Product Manager | K3: Hybrid | L3: 1 | M3: 34 | N3: 3 | O3: Rarely | P3: 7.2 | Q3: 4 | R3: 7 | S3: Often | T3: None | U3: 9 | V3: ₹4-8 LPA | W3: =IF(mental_health_tech_survey_raw[[#This Row],[Stress_Level_1_10]]>=7, "High Stress", "Normal Stress") -> Normal Stress | X3: =IF(mental_health_tech_survey_raw[[#This Row],[Sleep_Hours]]<6,"Low Sleep", "Healthy Sleep") -> Healthy Sleep | Y3: =IF(mental_health_tech_survey_raw[[#This Row],[Weekly_Work_Hours]]>50, "Overwroked", "Normal Workload") -> Normal Workload
A4: R00003 | B4: 45963 | C4: 25 | D4: Prefer not to say | E4: United States | F4: North America | G4: ShopSphere | H4: 1001-5000 | I4: Design | J4: UX Designer | K4: Hybrid | L4: 3 | M4: 28 | N4: 3 | O4: Rarely | P4: 6.5 | Q4: 2 | R4: 1 | S4: Sometimes | T4: High | U4: 6 | V4: ₹15-25 LPA | W4: =IF(mental_health_tech_survey_raw[[#This Row],[Stress_Level_1_10]]>=7, "High Stress", "Normal Stress") -> Normal Stress | X4: =IF(mental_health_tech_survey_raw[[#This Row],[Sleep_Hours]]<6,"Low Sleep", "Healthy Sleep") -> Healthy Sleep | Y4: =IF(mental_health_tech_survey_raw[[#This Row],[Weekly_Work_Hours]]>50, "Overwroked", "Normal Workload") -> Normal Workload
A5: R00004 | B5: 45718 | C5: 28 | D5: Female | E5: Germany | F5: Europe | G5: AIWorks | H5: 1-25 | I5: Management | J5: Engineering Manager | K5: Hybrid | L5: 7 | M5: 55 | N5: 5 | O5: Often | P5: 5.1 | Q5: 5 | R5: 10 | S5: Rarely | T5: Medium | U5: 7 | V5: ₹15-25 LPA | W5: =IF(mental_health_tech_survey_raw[[#This Row],[Stress_Level_1_10]]>=7, "High Stress", "Normal Stress") -> Normal Stress | X5: =IF(mental_health_tech_survey_raw[[#This Row],[Sleep_Hours]]<6,"Low Sleep", "Healthy Sleep") -> Low Sleep | Y5: =IF(mental_health_tech_survey_raw[[#This Row],[Weekly_Work_Hours]]>50, "Overwroked", "Normal Workload") -> Overwroked
A6: R00005 | B6: 46123 | C6: 33 | D6: Male | E6: Brazil | F6: South America | G6: CodeCraft | H6: 501-1000 | I6: Engineering | J6: QA Engineer | K6: Hybrid | L6: 10 | M6: 51 | N6: 3 | O6: Never | P6: 4.7 | Q6: 6 | R6: 10 | S6: Never | T6: None | U6: 10 | V6: ₹8-15 LPA | W6: =IF(mental_health_tech_survey_raw[[#This Row],[Stress_Level_1_10]]>=7, "High Stress", "Normal Stress") -> Normal Stress | X6: =IF(mental_health_tech_survey_raw[[#This Row],[Sleep_Hours]]<6,"Low Sleep", "Healthy Sleep") -> Low Sleep | Y6: =IF(mental_health_tech_survey_raw[[#This Row],[Weekly_Work_Hours]]>50, "Overwroked", "Normal Workload") -> Overwroked
A7: R00006 | B7: 46015 | C7: 24 | D7: Male | E7: Brazil | F7: South America | G7: TechWave | H7: 101-500 | I7: Management | J7: Engineering Manager | K7: Hybrid | L7: 1 | M7: 51 | N7: 5 | O7: Often | P7: 6.2 | Q7: 4 | R7: 1 | S7: Sometimes | T7: None | U7: 8 | V7: ₹0-4 LPA | W7: =IF(mental_health_tech_survey_raw[[#This Row],[Stress_Level_1_10]]>=7, "High Stress", "Normal Stress") -> Normal Stress | X7: =IF(mental_health_tech_survey_raw[[#This Row],[Sleep_Hours]]<6,"Low Sleep", "Healthy Sleep") -> Healthy Sleep | Y7: =IF(mental_health_tech_survey_raw[[#This Row],[Weekly_Work_Hours]]>50, "Overwroked", "Normal Workload") -> Overwroked
A8: R00007 | B8: 46024 | C8: 45 | D8: Female | E8: Germany | F8: Europe | G8: CloudNova | H8: 5000+ | I8: Engineering | J8: Software Engineer | K8: Hybrid | L8: 29 | M8: 50 | N8: 7 | O8: Often | P8: 7 | Q8: 4 | R8: 3 | S8: Often | T8: High | U8: 9 | V8: ₹0-4 LPA | W8: =IF(mental_health_tech_survey_raw[[#This Row],[Stress_Level_1_10]]>=7, "High Stress", "Normal Stress") -> High Stress | X8: =IF(mental_health_tech_survey_raw[[#This Row],[Sleep_Hours]]<6,"Low Sleep", "Healthy Sleep") -> Healthy Sleep | Y8: =IF(mental_health_tech_survey_raw[[#This Row],[Weekly_Work_Hours]]>50, "Overwroked", "Normal Workload") -> Normal Workload
A9: R00008 | B9: 45979 | C9: 26 | D9: Female | E9: Canada | F9: North America | G9: FinTechX | H9: 1001-5000 | I9: Engineering | J9: Software Engineer | K9: Hybrid | L9: 2 | M9: 49 | N9: 7 | O9: Rarely | P9: 7.3 | Q9: 2 | R9: 1 | S9: Rarely | T9: Medium | U9: 5 | V9: ₹8-15 LPA | W9: =IF(mental_health_tech_survey_raw[[#This Row],[Stress_Level_1_10]]>=7, "High Stress", "Normal Stress") -> High Stress | X9: =IF(mental_health_tech_survey_raw[[#This Row],[Sleep_Hours]]<6,"Low Sleep", "Healthy Sleep") -> Healthy Sleep | Y9: =IF(mental_health_tech_survey_raw[[#This Row],[Weekly_Work_Hours]]>50, "Overwroked", "Normal Workload") -> Normal Workload
A10: R00009 | B10: 45898 | C10: 31 | D10: Male | E10: United Kingdom | F10: Europe | G10: AppNest | H10: 26-100 | I10: Management | J10: Engineering Manager | K10: Remote | L10: 9 | M10: 43 | N10: 6 | O10: Often | P10: 6.5 | Q10: 3 | R10: 7 | S10: Rarely | T10: High | U10: 4 | V10: ₹15-25 LPA | W10: =IF(mental_health_tech_survey_raw[[#This Row],[Stress_Level_1_10]]>=7, "High Stress", "Normal Stress") -> Normal Stress | X10: =IF(mental_health_tech_survey_raw[[#This Row],[Sleep_Hours]]<6,"Low Sleep", "Healthy Sleep") -> Healthy Sleep | Y10: =IF(mental_health_tech_survey_raw[[#This Row],[Weekly_Work_Hours]]>50, "Overwroked", "Normal Workload") -> Normal Workload
A11: R00010 | B11: 46108 | C11: 39 | D11: Male | E11: Netherlands | F11: Europe | G11: AIWorks | H11: 26-100 | I11: Management | J11: Engineering Manager | K11: Remote | L11: 17 | M11: 36 | N11: 6 | O11: Often | P11: 5.8 | Q11: 3 | R11: 4 | S11: Often | T11: Low | U11: 7 | V11: ₹15-25 LPA | W11: =IF(mental_health_tech_survey_raw[[#This Row],[Stress_Level_1_10]]>=7, "High Stress", "Normal Stress") -> Normal Stress | X11: =IF(mental_health_tech_survey_raw[[#This Row],[Sleep_Hours]]<6,"Low Sleep", "Healthy Sleep") -> Low Sleep | Y11: =IF(mental_health_tech_survey_raw[[#This Row],[Weekly_Work_Hours]]>50, "Overwroked", "Normal Workload") -> Normal Workload
A12: R00011 | B12: 45709 | C12: 38 | D12: Male | E12: Netherlands | F12: Europe | G12: QuantumLoop | H12: 501-1000 | I12: IT Support | J12: Tech Support | K12: Hybrid | L12: 14 | M12: 44 | N12: 7 | O12: Often | P12: 6.5 | Q12: 1 | R12: 5 | S12: Often | T12: Medium | U12: 5 | V12: ₹0-4 LPA | W12: =IF(mental_health_tech_survey_raw[[#This Row],[Stress_Level_1_10]]>=7, "High Stress", "Normal Stress") -> High Stress | X12: =IF(mental_health_tech_survey_raw[[#This Row],[Sleep_Hours]]<6,"Low Sleep", "Healthy Sleep") -> Healthy Sleep | Y12: =IF(mental_health_tech_survey_raw[[#This Row],[Weekly_Work_Hours]]>50, "Overwroked", "Normal Workload") -> Normal Workload
A13: R00012 | B13: 45781 | C13: 32 | D13: Prefer not to say | E13: Germany | F13: Europe | G13: EduSoft | H13: 1-25 | I13: Data | J13: Data Scientist | K13: Hybrid | L13: 15 | M13: 42 | N13: 6 | O13: Often | P13: 5.3 | Q13: 0 | R13: 2 | S13: Sometimes | T13: High | U13: 6 | V13: ₹15-25 LPA | W13: =IF(mental_health_tech_survey_raw[[#This Row],[Stress_Level_1_10]]>=7, "High Stress", "Normal Stress") -> Normal Stress | X13: =IF(mental_health_tech_survey_raw[[#This Row],[Sleep_Hours]]<6,"Low Sleep", "Healthy Sleep") -> Low Sleep | Y13: =IF(mental_health_tech_survey_raw[[#This Row],[Weekly_Work_Hours]]>50, "Overwroked", "Normal Workload") -> Normal Workload
... A2201: R02200 | B2201: 46181 | C2201: 22 | D2201: Female | E2201: Germany | F2201: Europe | G2201: EduSoft | H2201: 26-100 | I2201: Product | J2201: Product Manager | K2201: Remote | L2201: 0 | M2201: 67 | N2201: 6 | O2201: Often | P2201: 5.9 | Q2201: 4 | R2201: 4 | S2201: Never | T2201: Medium | U2201: 7 | V2201: ₹15-25 LPA | W2201: =IF(mental_health_tech_survey_raw[[#This Row],[Stress_Level_1_10]]>=7, "High Stress", "Normal Stress") -> Normal Stress | X2201: =IF(mental_health_tech_survey_raw[[#This Row],[Sleep_Hours]]<6,"Low Sleep", "Healthy Sleep") -> Low Sleep | Y2201: =IF(mental_health_tech_survey_raw[[#This Row],[Weekly_Work_Hours]]>50, "Overwroked", "Normal Workload") -> Overwroked

Sheet KPIs Pivot
A1: Count of Respondent_ID | D1: Average of Stress_Level_1_10 | F1: Average of Sleep_Hours
A2: 2200 | D2: 5.3836364 | F2: 6.4069091
D4: Average of Weekly_Work_Hours | F4: Average of Comfort_Discussing_Coworker
A5: Row Labels | B5: Count of Respondent_ID | D5: 45.154091 | F5: 5.4618182
A6: High Stress | B6: 0.25681818
A7: Normal Stress | B7: 0.74318182 | D7: Row Labels | E7: Count of Respondent_ID
A8: Grand Total | B8: 1 | D8: Normal Workload | E8: 0.75
D9: Overwroked | E9: 0.25
D10: Grand Total | E10: 1
A12: Row Labels | B12: Count of Respondent_ID | D12: Average of Job_Satisfaction_1_10
A13: Healthy Sleep | B13: 0.68272727 | D13: 6.4204545
A14: Low Sleep | B14: 0.31727273
A15: Grand Total | B15: 1 | D15: Row Labels | E15: Count of Respondent_ID
D16: Never | E16: 0.27409091
D17: Often | E17: 0.24136364
A18: Row Labels | B18: Count of Respondent_ID | D18: Rarely | E18: 0.24318182
A19: Never | B19: 0.13590909 | D19: Sometimes | E19: 0.24136364
A20: Often | B20: 0.55181818 | D20: Grand Total | E20: 1
A21: Rarely | B21: 0.31227273
A22: Grand Total | B22: 1 | D22: Average of Exercise_Days_Per_Week
D23: 2.5527273

Sheet Pivot Charts
A1: Average of Stress_Level_1_10 | J1: Count of Respondent_ID | K1: Column Labels
A2: 5.3836364 | J2: Row Labels | K2: Never | L2: Often | M2: Rarely | N2: Sometimes | O2: Grand Total
J3: Hybrid | K3: 0.13181818 | L3: 0.11 | M3: 0.11454545 | N3: 0.11409091 | O3: 0.47045455
J4: Onsite | K4: 0.056363636 | L4: 0.051818182 | M4: 0.05 | N4: 0.045 | O4: 0.20318182
J5: Remote | K5: 0.085909091 | L5: 0.079545455 | M5: 0.078636364 | N5: 0.082272727 | O5: 0.32636364
J6: Grand Total | K6: 0.27409091 | L6: 0.24136364 | M6: 0.24318182 | N6: 0.24136364 | O6: 1
A21: Row Labels | B21: Average of Stress_Level_1_10
A22: Data | B22: 5.3356808
A23: Design | B23: 5.2293578
A24: Engineering | B24: 5.4569231
A25: IT Support | B25: 5.3144105 | J25: Row Labels | K25: Count of Respondent_ID
A26: Management | B26: 5.3973799 | J26: High | K26: 365
A27: Product | B27: 5.4133333 | J27: Medium | K27: 596
A28: Security | B28: 5.4394619 | J28: Low | K28: 640
A29: Grand Total | B29: 5.3836364 | J29: None | K29: 599
J30: Grand Total | K30: 2200
J45: Row Labels | K45: Average of Job_Satisfaction_1_10
J46: Hybrid | K46: 6.5149758
J47: Onsite | K47: 6.0939597
A48: Count of Respondent_ID | B48: Column Labels | J48: Remote | K48: 6.4874652
A49: Row Labels | B49: Never | C49: Often | D49: Rarely | E49: Grand Total | J49: Grand Total | K49: 6.4204545
A50: Data | B50: 0.027272727 | C50: 0.10409091 | D50: 0.062272727 | E50: 0.19363636
A51: Design | B51: 0.011818182 | C51: 0.058181818 | D51: 0.029090909 | E51: 0.099090909
A52: Engineering | B52: 0.042272727 | C52: 0.16 | D52: 0.093181818 | E52: 0.29545455
A53: IT Support | B53: 0.014545455 | C53: 0.055909091 | D53: 0.033636364 | E53: 0.10409091
A54: Management | B54: 0.014090909 | C54: 0.058181818 | D54: 0.031818182 | E54: 0.10409091
A55: Product | B55: 0.013181818 | C55: 0.057272727 | D55: 0.031818182 | E55: 0.10227273
A56: Security | B56: 0.012727273 | C56: 0.058181818 | D56: 0.030454545 | E56: 0.10136364
A57: Grand Total | B57: 0.13590909 | C57: 0.55181818 | D57: 0.31227273 | E57: 1

Sheet Dashboard
B1: MENTAL HEALTH TECH SURVEY | D1: Mental Health In Tech Companies Dashboard
B3: DYNAMIC DASHBOARD
D4: TOTAL RESPONDENTS | H4: AVG STRESS | L4: HIGH STRESS % | P4: AVG SLEEP HRS
B5: REGION | D5: =Calc!B2 -> 2200 | H5: =Calc!B3 -> 5.3836364 | L5: =Calc!B4 -> 0.25681818 | P5: =Calc!B5 -> 6.4069091
B6: All
B9: WORK MODEL | D9: AVG WORK HRS | H9: JOB SATISFACTION | L9: EXERCISE DAYS
B10: All | D10: =Calc!B6 -> 45.154091 | H10: =Calc!B7 -> 6.4204545 | L10: =Calc!B8 -> 2.5527273
B13: DEPARTMENT
B14: All | D14: AVG STRESS BY WORK MODEL | L14: HIGH STRESS % BY DEPARTMENT
B17: GENDER
B18: All
D26: BURNOUT FREQUENCY | L26: SLEEP CATEGORY

Sheet Calc
A1: Metric | B1: Value | D1: Work Model | E1: Avg Stress | G1: Department | H1: High Stress % | J1: Burnout | K1: Count | M1: Sleep Category | N1: Count
A2: Total Respondents | B2: =SUMPRODUCT(--((Data!$F$2:$F$2201=Dashboard!$B$6)+(Dashboard!$B$6="All"))*((Data!$K$2:$K$2201=Dashboard!$B$10)+(Dashboard!$B$10="All"))*((Data!$I$2:$I$2201=Dashboard!$B$14)+(Dashboard!$B$14="All"))*((Data!$D$2:$D$2201=Dashboard!$B$18)+(Dashboard!$B$18="All"))) -> 2200 | D2: Hybrid | E2: =IFERROR(SUMPRODUCT(--((Data!$F$2:$F$2201=Dashboard!$B$6)+(Dashboard!$B$6="All"))*(Data!$K$2:$K$2201=D2)*((Data!$I$2:$I$2201=Dashboard!$B$14)+(Dashboard!$B$14="All"))*((Data!$D$2:$D$2201=Dashboard!$B$18)+(Dashboard!$B$18="All"))*((Dashboard!$B$10="All")+(Dashboard!$B$10=D2)),Data!$N$2:$N$2201)/SUMPRODUCT(--((Data!$F$2:$F$2201=Dashboard!$B$6)+(Dashboard!$B$6="All"))*(Data!$K$2:$K$2201=D2)*((Data!$I$2:$I$2201=Dashboard!$B$14)+(Dashboard!$B$14="All"))*((Data!$D$2:$D$2201=Dashboard!$B$18)+(Dashboard!$B$18="All"))*((Dashboard!$B$10="All")+(Dashboard!$B$10=D2))),NA()) -> 5.1748792 | G2: Data | H2: =IFERROR(SUMPRODUCT(--((Data!$F$2:$F$2201=Dashboard!$B$6)+(Dashboard!$B$6="All"))*((Data!$K$2:$K$2201=Dashboard!$B$10)+(Dashboard!$B$10="All"))*(Data!$I$2:$I$2201=G2)*((Data!$D$2:$D$2201=Dashboard!$B$18)+(Dashboard!$B$18="All"))*((Dashboard!$B$14="All")+(Dashboard!$B$14=G2)),--(Data!$W$2:$W$2201="High Stress"))/SUMPRODUCT(--((Data!$F$2:$F$2201=Dashboard!$B$6)+(Dashboard!$B$6="All"))*((Data!$K$2:$K$2201=Dashboard!$B$10)+(Dashboard!$B$10="All"))*(Data!$I$2:$I$2201=G2)*((Data!$D$2:$D$2201=Dashboard!$B$18)+(Dashboard!$B$18="All"))*((Dashboard!$B$14="All")+(Dashboard!$B$14=G2))),NA()) -> 0.24882629 | J2: Never | K2: =SUMPRODUCT(--((Data!$F$2:$F$2201=Dashboard!$B$6)+(Dashboard!$B$6="All"))*((Data!$K$2:$K$2201=Dashboard!$B$10)+(Dashboard!$B$10="All"))*((Data!$I$2:$I$2201=Dashboard!$B$14)+(Dashboard!$B$14="All"))*((Data!$D$2:$D$2201=Dashboard!$B$18)+(Dashboard!$B$18="All")),--(Data!$O$2:$O$2201=J2)) -> 299 | M2: Healthy Sleep | N2: =SUMPRODUCT(--((Data!$F$2:$F$2201=Dashboard!$B$6)+(Dashboard!$B$6="All"))*((Data!$K$2:$K$2201=Dashboard!$B$10)+(Dashboard!$B$10="All"))*((Data!$I$2:$I$2201=Dashboard!$B$14)+(Dashboard!$B$14="All"))*((Data!$D$2:$D$2201=Dashboard!$B$18)+(Dashboard!$B$18="All")),--(Data!$X$2:$X$2201=M2)) -> 1502
A3: Avg Stress | B3: =IFERROR(SUMPRODUCT(--((Data!$F$2:$F$2201=Dashboard!$B$6)+(Dashboard!$B$6="All"))*((Data!$K$2:$K$2201=Dashboard!$B$10)+(Dashboard!$B$10="All"))*((Data!$I$2:$I$2201=Dashboard!$B$14)+(Dashboard!$B$14="All"))*((Data!$D$2:$D$2201=Dashboard!$B$18)+(Dashboard!$B$18="All")),Data!$N$2:$N$2201)/B$2,0) -> 5.3836364 | D3: Onsite | E3: =IFERROR(SUMPRODUCT(--((Data!$F$2:$F$2201=Dashboard!$B$6)+(Dashboard!$B$6="All"))*(Data!$K$2:$K$2201=D3)*((Data!$I$2:$I$2201=Dashboard!$B$14)+(Dashboard!$B$14="All"))*((Data!$D$2:$D$2201=Dashboard!$B$18)+(Dashboard!$B$18="All"))*((Dashboard!$B$10="All")+(Dashboard!$B$10=D3)),Data!$N$2:$N$2201)/SUMPRODUCT(--((Data!$F$2:$F$2201=Dashboard!$B$6)+(Dashboard!$B$6="All"))*(Data!$K$2:$K$2201=D3)*((Data!$I$2:$I$2201=Dashboard!$B$14)+(Dashboard!$B$14="All"))*((Data!$D$2:$D$2201=Dashboard!$B$18)+(Dashboard!$B$18="All"))*((Dashboard!$B$10="All")+(Dashboard!$B$10=D3))),NA()) -> 6.1856823 | G3: Design | H3: =IFERROR(SUMPRODUCT(--((Data!$F$2:$F$2201=Dashboard!$B$6)+(Dashboard!$B$6="All"))*((Data!$K$2:$K$2201=Dashboard!$B$10)+(Dashboard!$B$10="All"))*(Data!$I$2:$I$2201=G3)*((Data!$D$2:$D$2201=Dashboard!$B$18)+(Dashboard!$B$18="All"))*((Dashboard!$B$14="All")+(Dashboard!$B$14=G3)),--(Data!$W$2:$W$2201="High Stress"))/SUMPRODUCT(--((Data!$F$2:$F$2201=Dashboard!$B$6)+(Dashboard!$B$6="All"))*((Data!$K$2:$K$2201=Dashboard!$B$10)+(Dashboard!$B$10="All"))*(Data!$I$2:$I$2201=G3)*((Data!$D$2:$D$2201=Dashboard!$B$18)+(Dashboard!$B$18="All"))*((Dashboard!$B$14="All")+(Dashboard!$B$14=G3))),NA()) -> 0.23394495 | J3: Often | K3: =SUMPRODUCT(--((Data!$F$2:$F$2201=Dashboard!$B$6)+(Dashboard!$B$6="All"))*((Data!$K$2:$K$2201=Dashboard!$B$10)+(Dashboard!$B$10="All"))*((Data!$I$2:$I$2201=Dashboard!$B$14)+(Dashboard!$B$14="All"))*((Data!$D$2:$D$2201=Dashboard!$B$18)+(Dashboard!$B$18="All")),--(Data!$O$2:$O$2201=J3)) -> 1214 | M3: Low Sleep | N3: =SUMPRODUCT(--((Data!$F$2:$F$2201=Dashboard!$B$6)+(Dashboard!$B$6="All"))*((Data!$K$2:$K$2201=Dashboard!$B$10)+(Dashboard!$B$10="All"))*((Data!$I$2:$I$2201=Dashboard!$B$14)+(Dashboard!$B$14="All"))*((Data!$D$2:$D$2201=Dashboard!$B$18)+(Dashboard!$B$18="All")),--(Data!$X$2:$X$2201=M3)) -> 698
A4: High Stress % | B4: =IFERROR(SUMPRODUCT(--((Data!$F$2:$F$2201=Dashboard!$B$6)+(Dashboard!$B$6="All"))*((Data!$K$2:$K$2201=Dashboard!$B$10)+(Dashboard!$B$10="All"))*((Data!$I$2:$I$2201=Dashboard!$B$14)+(Dashboard!$B$14="All"))*((Data!$D$2:$D$2201=Dashboard!$B$18)+(Dashboard!$B$18="All")),--(Data!$W$2:$W$2201="High Stress"))/B$2,0) -> 0.25681818 | D4: Remote | E4: =IFERROR(SUMPRODUCT(--((Data!$F$2:$F$2201=Dashboard!$B$6)+(Dashboard!$B$6="All"))*(Data!$K$2:$K$2201=D4)*((Data!$I$2:$I$2201=Dashboard!$B$14)+(Dashboard!$B$14="All"))*((Data!$D$2:$D$2201=Dashboard!$B$18)+(Dashboard!$B$18="All"))*((Dashboard!$B$10="All")+(Dashboard!$B$10=D4)),Data!$N$2:$N$2201)/SUMPRODUCT(--((Data!$F$2:$F$2201=Dashboard!$B$6)+(Dashboard!$B$6="All"))*(Data!$K$2:$K$2201=D4)*((Data!$I$2:$I$2201=Dashboard!$B$14)+(Dashboard!$B$14="All"))*((Data!$D$2:$D$2201=Dashboard!$B$18)+(Dashboard!$B$18="All"))*((Dashboard!$B$10="All")+(Dashboard!$B$10=D4))),NA()) -> 5.1852368 | G4: Engineering | H4: =IFERROR(SUMPRODUCT(--((Data!$F$2:$F$2201=Dashboard!$B$6)+(Dashboard!$B$6="All"))*((Data!$K$2:$K$2201=Dashboard!$B$10)+(Dashboard!$B$10="All"))*(Data!$I$2:$I$2201=G4)*((Data!$D$2:$D$2201=Dashboard!$B$18)+(Dashboard!$B$18="All"))*((Dashboard!$B$14="All")+(Dashboard!$B$14=G4)),--(Data!$W$2:$W$2201="High Stress"))/SUMPRODUCT(--((Data!$F$2:$F$2201=Dashboard!$B$6)+(Dashboard!$B$6="All"))*((Data!$K$2:$K$2201=Dashboard!$B$10)+(Dashboard!$B$10="All"))*(Data!$I$2:$I$2201=G4)*((Data!$D$2:$D$2201=Dashboard!$B$18)+(Dashboard!$B$18="All"))*((Dashboard!$B$14="All")+(Dashboard!$B$14=G4))),NA()) -> 0.25692308 | J4: Rarely | K4: =SUMPRODUCT(--((Data!$F$2:$F$2201=Dashboard!$B$6)+(Dashboard!$B$6="All"))*((Data!$K$2:$K$2201=Dashboard!$B$10)+(Dashboard!$B$10="All"))*((Data!$I$2:$I$2201=Dashboard!$B$14)+(Dashboard!$B$14="All"))*((Data!$D$2:$D$2201=Dashboard!$B$18)+(Dashboard!$B$18="All")),--(Data!$O$2:$O$2201=J4)) -> 687
A5: Avg Sleep Hours | B5: =IFERROR(SUMPRODUCT(--((Data!$F$2:$F$2201=Dashboard!$B$6)+(Dashboard!$B$6="All"))*((Data!$K$2:$K$2201=Dashboard!$B$10)+(Dashboard!$B$10="All"))*((Data!$I$2:$I$2201=Dashboard!$B$14)+(Dashboard!$B$14="All"))*((Data!$D$2:$D$2201=Dashboard!$B$18)+(Dashboard!$B$18="All")),Data!$P$2:$P$2201)/B$2,0) -> 6.4069091 | G5: IT Support | H5: =IFERROR(SUMPRODUCT(--((Data!$F$2:$F$2201=Dashboard!$B$6)+(Dashboard!$B$6="All"))*((Data!$K$2:$K$2201=Dashboard!$B$10)+(Dashboard!$B$10="All"))*(Data!$I$2:$I$2201=G5)*((Data!$D$2:$D$2201=Dashboard!$B$18)+(Dashboard!$B$18="All"))*((Dashboard!$B$14="All")+(Dashboard!$B$14=G5)),--(Data!$W$2:$W$2201="High Stress"))/SUMPRODUCT(--((Data!$F$2:$F$2201=Dashboard!$B$6)+(Dashboard!$B$6="All"))*((Data!$K$2:$K$2201=Dashboard!$B$10)+(Dashboard!$B$10="All"))*(Data!$I$2:$I$2201=G5)*((Data!$D$2:$D$2201=Dashboard!$B$18)+(Dashboard!$B$18="All"))*((Dashboard!$B$14="All")+(Dashboard!$B$14=G5))),NA()) -> 0.29694323
A6: Avg Work Hours | B6: =IFERROR(SUMPRODUCT(--((Data!$F$2:$F$2201=Dashboard!$B$6)+(Dashboard!$B$6="All"))*((Data!$K$2:$K$2201=Dashboard!$B$10)+(Dashboard!$B$10="All"))*((Data!$I$2:$I$2201=Dashboard!$B$14)+(Dashboard!$B$14="All"))*((Data!$D$2:$D$2201=Dashboard!$B$18)+(Dashboard!$B$18="All")),Data!$M$2:$M$2201)/B$2,0) -> 45.154091 | G6: Management | H6: =IFERROR(SUMPRODUCT(--((Data!$F$2:$F$2201=Dashboard!$B$6)+(Dashboard!$B$6="All"))*((Data!$K$2:$K$2201=Dashboard!$B$10)+(Dashboard!$B$10="All"))*(Data!$I$2:$I$2201=G6)*((Data!$D$2:$D$2201=Dashboard!$B$18)+(Dashboard!$B$18="All"))*((Dashboard!$B$14="All")+(Dashboard!$B$14=G6)),--(Data!$W$2:$W$2201="High Stress"))/SUMPRODUCT(--((Data!$F$2:$F$2201=Dashboard!$B$6)+(Dashboard!$B$6="All"))*((Data!$K$2:$K$2201=Dashboard!$B$10)+(Dashboard!$B$10="All"))*(Data!$I$2:$I$2201=G6)*((Data!$D$2:$D$2201=Dashboard!$B$18)+(Dashboard!$B$18="All"))*((Dashboard!$B$14="All")+(Dashboard!$B$14=G6))),NA()) -> 0.24454148
A7: Avg Satisfaction | B7: =IFERROR(SUMPRODUCT(--((Data!$F$2:$F$2201=Dashboard!$B$6)+(Dashboard!$B$6="All"))*((Data!$K$2:$K$2201=Dashboard!$B$10)+(Dashboard!$B$10="All"))*((Data!$I$2:$I$2201=Dashboard!$B$14)+(Dashboard!$B$14="All"))*((Data!$D$2:$D$2201=Dashboard!$B$18)+(Dashboard!$B$18="All")),Data!$U$2:$U$2201)/B$2,0) -> 6.4204545 | G7: Product | H7: =IFERROR(SUMPRODUCT(--((Data!$F$2:$F$2201=Dashboard!$B$6)+(Dashboard!$B$6="All"))*((Data!$K$2:$K$2201=Dashboard!$B$10)+(Dashboard!$B$10="All"))*(Data!$I$2:$I$2201=G7)*((Data!$D$2:$D$2201=Dashboard!$B$18)+(Dashboard!$B$18="All"))*((Dashboard!$B$14="All")+(Dashboard!$B$14=G7)),--(Data!$W$2:$W$2201="High Stress"))/SUMPRODUCT(--((Data!$F$2:$F$2201=Dashboard!$B$6)+(Dashboard!$B$6="All"))*((Data!$K$2:$K$2201=Dashboard!$B$10)+(Dashboard!$B$10="All"))*(Data!$I$2:$I$2201=G7)*((Data!$D$2:$D$2201=Dashboard!$B$18)+(Dashboard!$B$18="All"))*((Dashboard!$B$14="All")+(Dashboard!$B$14=G7))),NA()) -> 0.25333333
A8: Avg Exercise Days | B8: =IFERROR(SUMPRODUCT(--((Data!$F$2:$F$2201=Dashboard!$B$6)+(Dashboard!$B$6="All"))*((Data!$K$2:$K$2201=Dashboard!$B$10)+(Dashboard!$B$10="All"))*((Data!$I$2:$I$2201=Dashboard!$B$14)+(Dashboard!$B$14="All"))*((Data!$D$2:$D$2201=Dashboard!$B$18)+(Dashboard!$B$18="All")),Data!$Q$2:$Q$2201)/B$2,0) -> 2.5527273 | G8: Security | H8: =IFERROR(SUMPRODUCT(--((Data!$F$2:$F$2201=Dashboard!$B$6)+(Dashboard!$B$6="All"))*((Data!$K$2:$K$2201=Dashboard!$B$10)+(Dashboard!$B$10="All"))*(Data!$I$2:$I$2201=G8)*((Data!$D$2:$D$2201=Dashboard!$B$18)+(Dashboard!$B$18="All"))*((Dashboard!$B$14="All")+(Dashboard!$B$14=G8)),--(Data!$W$2:$W$2201="High Stress"))/SUMPRODUCT(--((Data!$F$2:$F$2201=Dashboard!$B$6)+(Dashboard!$B$6="All"))*((Data!$K$2:$K$2201=Dashboard!$B$10)+(Dashboard!$B$10="All"))*(Data!$I$2:$I$2201=G8)*((Data!$D$2:$D$2201=Dashboard!$B$18)+(Dashboard!$B$18="All"))*((Dashboard!$B$14="All")+(Dashboard!$B$14=G8))),NA()) -> 0.2690583

Sheet Lists
A1: Region | B1: Work_Model | C1: Department | D1: Gender
A2: All | B2: All | C2: All | D2: All
A3: Asia | B3: Hybrid | C3: Data | D3: Female
A4: Europe | B4: Onsite | C4: Design | D4: Male
A5: North America | B5: Remote | C5: Engineering | D5: Prefer not to say
A6: Oceania | C6: IT Support
A7: South America | C7: Management
C8: Product
C9: Security

Sheet Data
A1: Respondent_ID | B1: Survey_Date | C1: Age | D1: Gender | E1: Country | F1: Region | G1: Company_Name | H1: Company_Size | I1: Department | J1: Tech_Role | K1: Work_Model | L1: Years_Experience | M1: Weekly_Work_Hours | N1: Stress_Level_1_10 | O1: Burnout_Frequency | P1: Sleep_Hours | Q1: Exercise_Days_Per_Week | R1: Comfort_Discussing_Coworker | S1: Work_Interference | T1: Productivity_Impact | U1: Job_Satisfaction_1_10 | V1: Salary_Range | W1: Stress_Category | X1: Sleep_Category | Y1: Workload_Category
A2: R00001 | B2: 46090 | C2: 33 | D2: Male | E2: United States | F2: North America | G2: CloudNova | H2: 101-500 | I2: Engineering | J2: QA Engineer | K2: Remote | L2: 12 | M2: 44 | N2: 3 | O2: Often | P2: 7.1 | Q2: 1 | R2: 10 | S2: Never | T2: None | U2: 8 | V2: ₹15-25 LPA | W2: Normal Stress | X2: Healthy Sleep | Y2: Normal Workload
A3: R00002 | B3: 45981 | C3: 25 | D3: Female | E3: Australia | F3: Oceania | G3: CodeCraft | H3: 101-500 | I3: Product | J3: Product Manager | K3: Hybrid | L3: 1 | M3: 34 | N3: 3 | O3: Rarely | P3: 7.2 | Q3: 4 | R3: 7 | S3: Often | T3: None | U3: 9 | V3: ₹4-8 LPA | W3: Normal Stress | X3: Healthy Sleep | Y3: Normal Workload
A4: R00003 | B4: 45963 | C4: 25 | D4: Prefer not to say | E4: United States | F4: North America | G4: ShopSphere | H4: 1001-5000 | I4: Design | J4: UX Designer | K4: Hybrid | L4: 3 | M4: 28 | N4: 3 | O4: Rarely | P4: 6.5 | Q4: 2 | R4: 1 | S4: Sometimes | T4: High | U4: 6 | V4: ₹15-25 LPA | W4: Normal Stress | X4: Healthy Sleep | Y4: Normal Workload
A5: R00004 | B5: 45718 | C5: 28 | D5: Female | E5: Germany | F5: Europe | G5: AIWorks | H5: 1-25 | I5: Management | J5: Engineering Manager | K5: Hybrid | L5: 7 | M5: 55 | N5: 5 | O5: Often | P5: 5.1 | Q5: 5 | R5: 10 | S5: Rarely | T5: Medium | U5: 7 | V5: ₹15-25 LPA | W5: Normal Stress | X5: Low Sleep | Y5: Overwroked
A6: R00005 | B6: 46123 | C6: 33 | D6: Male | E6: Brazil | F6: South America | G6: CodeCraft | H6: 501-1000 | I6: Engineering | J6: QA Engineer | K6: Hybrid | L6: 10 | M6: 51 | N6: 3 | O6: Never | P6: 4.7 | Q6: 6 | R6: 10 | S6: Never | T6: None | U6: 10 | V6: ₹8-15 LPA | W6: Normal Stress | X6: Low Sleep | Y6: Overwroked
A7: R00006 | B7: 46015 | C7: 24 | D7: Male | E7: Brazil | F7: South America | G7: TechWave | H7: 101-500 | I7: Management | J7: Engineering Manager | K7: Hybrid | L7: 1 | M7: 51 | N7: 5 | O7: Often | P7: 6.2 | Q7: 4 | R7: 1 | S7: Sometimes | T7: None | U7: 8 | V7: ₹0-4 LPA | W7: Normal Stress | X7: Healthy Sleep | Y7: Overwroked
A8: R00007 | B8: 46024 | C8: 45 | D8: Female | E8: Germany | F8: Europe | G8: CloudNova | H8: 5000+ | I8: Engineering | J8: Software Engineer | K8: Hybrid | L8: 29 | M8: 50 | N8: 7 | O8: Often | P8: 7 | Q8: 4 | R8: 3 | S8: Often | T8: High | U8: 9 | V8: ₹0-4 LPA | W8: High Stress | X8: Healthy Sleep | Y8: Normal Workload
A9: R00008 | B9: 45979 | C9: 26 | D9: Female | E9: Canada | F9: North America | G9: FinTechX | H9: 1001-5000 | I9: Engineering | J9: Software Engineer | K9: Hybrid | L9: 2 | M9: 49 | N9: 7 | O9: Rarely | P9: 7.3 | Q9: 2 | R9: 1 | S9: Rarely | T9: Medium | U9: 5 | V9: ₹8-15 LPA | W9: High Stress | X9: Healthy Sleep | Y9: Normal Workload
A10: R00009 | B10: 45898 | C10: 31 | D10: Male | E10: United Kingdom | F10: Europe | G10: AppNest | H10: 26-100 | I10: Management | J10: Engineering Manager | K10: Remote | L10: 9 | M10: 43 | N10: 6 | O10: Often | P10: 6.5 | Q10: 3 | R10: 7 | S10: Rarely | T10: High | U10: 4 | V10: ₹15-25 LPA | W10: Normal Stress | X10: Healthy Sleep | Y10: Normal Workload
A11: R00010 | B11: 46108 | C11: 39 | D11: Male | E11: Netherlands | F11: Europe | G11: AIWorks | H11: 26-100 | I11: Management | J11: Engineering Manager | K11: Remote | L11: 17 | M11: 36 | N11: 6 | O11: Often | P11: 5.8 | Q11: 3 | R11: 4 | S11: Often | T11: Low | U11: 7 | V11: ₹15-25 LPA | W11: Normal Stress | X11: Low Sleep | Y11: Normal Workload
A12: R00011 | B12: 45709 | C12: 38 | D12: Male | E12: Netherlands | F12: Europe | G12: QuantumLoop | H12: 501-1000 | I12: IT Support | J12: Tech Support | K12: Hybrid | L12: 14 | M12: 44 | N12: 7 | O12: Often | P12: 6.5 | Q12: 1 | R12: 5 | S12: Often | T12: Medium | U12: 5 | V12: ₹0-4 LPA | W12: High Stress | X12: Healthy Sleep | Y12: Normal Workload
A13: R00012 | B13: 45781 | C13: 32 | D13: Prefer not to say | E13: Germany | F13: Europe | G13: EduSoft | H13: 1-25 | I13: Data | J13: Data Scientist | K13: Hybrid | L13: 15 | M13: 42 | N13: 6 | O13: Often | P13: 5.3 | Q13: 0 | R13: 2 | S13: Sometimes | T13: High | U13: 6 | V13: ₹15-25 LPA | W13: Normal Stress | X13: Low Sleep | Y13: Normal Workload
... A2201: R02200 | B2201: 46181 | C2201: 22 | D2201: Female | E2201: Germany | F2201: Europe | G2201: EduSoft | H2201: 26-100 | I2201: Product | J2201: Product Manager | K2201: Remote | L2201: 0 | M2201: 67 | N2201: 6 | O2201: Often | P2201: 5.9 | Q2201: 4 | R2201: 4 | S2201: Never | T2201: Medium | U2201: 7 | V2201: ₹15-25 LPA | W2201: Normal Stress | X2201: Low Sleep | Y2201: Overwroked
